location,Monday 12AM,Monday 1AM,Monday 2AM,Monday 3AM,Monday 4AM,Monday  5AM,Monday 6AM,Monday 7AM,Monday 8AM,Monday 9AM,Monday 10AM,Monday 11AM,Monday 12PM,Monday 1PM,Monday 2PM,Monday 3PM,Monday 4PM,Monday 5PM,Monday 6PM,Monday 7PM,Monday 8PM,Monday 9PM,Monday 10PM,Monday 11PM,Tuesday 12AM,Tuesday 1AM,Tuesday 2AM,Tuesday 3AM,Tuesday 4AM,Tuesday  5AM,Tuesday 6AM,Tuesday 7AM,Tuesday 8AM,Tuesday 9AM,Tuesday 10AM,Tuesday 11AM,Tuesday 12PM,Tuesday 1PM,Tuesday 2PM,Tuesday 3PM,Tuesday 4PM,Tuesday 5PM,Tuesday 6PM,Tuesday 7PM,Tuesday 8PM,Tuesday 9PM,Tuesday 10PM,Tuesday 11PM,Wednesday 12AM,Wednesday 1AM,Wednesday 2AM,Wednesday 3AM,Wednesday 4AM,Wednesday  5AM,Wednesday 6AM,Wednesday 7AM,Wednesday 8AM,Wednesday 9AM,Wednesday 10AM,Wednesday 11AM,Wednesday 12PM,Wednesday 1PM,Wednesday 2PM,Wednesday 3PM,Wednesday 4PM,Wednesday 5PM,Wednesday 6PM,Wednesday 7PM,Wednesday 8PM,Wednesday 9PM,Wednesday 10PM,Wednesday 11PM,Thursday 12AM,Thursday 1AM,Thursday 2AM,Thursday 3AM,Thursday 4AM,Thursday  5AM,Thursday 6AM,Thursday 7AM,Thursday 8AM,Thursday 9AM,Thursday 10AM,Thursday 11AM,Thursday 12PM,Thursday 1PM,Thursday 2PM,Thursday 3PM,Thursday 4PM,Thursday 5PM,Thursday 6PM,Thursday 7PM,Thursday 8PM,Thursday 9PM,Thursday 10PM,Thursday 11PM,Friday 12AM,Friday 1AM,Friday 2AM,Friday 3AM,Friday 4AM,Friday  5AM,Friday 6AM,Friday 7AM,Friday 8AM,Friday 9AM,Friday 10AM,Friday 11AM,Friday 12PM,Friday 1PM,Friday 2PM,Friday 3PM,Friday 4PM,Friday 5PM,Friday 6PM,Friday 7PM,Friday 8PM,Friday 9PM,Friday 10PM,Friday 11PM,Saturday 12AM,Saturday 1AM,Saturday 2AM,Saturday 3AM,Saturday 4AM,Saturday 5AM,Saturday 6AM,Saturday 7AM,Saturday 8AM,Saturday 9AM,Saturday 10AM,Saturday 11AM,Saturday 12PM,Saturday 1PM,Saturday 2PM,Saturday 3PM,Saturday 4PM,Saturday 5PM,Saturday 6PM,Saturday 7PM,Saturday 8PM,Saturday 9PM,Saturday 10PM,Saturday 11PM,Sunday 12 AM,Sunday 1AM,Sunday 2AM,Sunday 3AM,Sunday 4AM,Sunday 5AM,Sunday 6AM,Sunday 7AM,Sunday 8AM,Sunday 9AM,Sunday 10AM,Sunday 11AM,Sunday 12PM,Sunday 1PM,Sunday 2PM,Sunday 3PM,Sunday 4PM,Sunday 5PM,Sunday 6PM,Sunday 7PM,Sunday 8PM,Sunday 9PM,Sunday 10PM,Sunday 11PM,week_sum,weekend_sum,week/end
115th St & 5th,,,,,,5.8,9.7,13.9,18.7,21.7,24,23.8,21,18.9,21,29.2,44.1,60.8,71.7,71.2,59.2,41.2,24,NA,,,,,,9.2,13.4,17.9,22.2,24.7,25.1,23.8,20.8,17.4,15.5,20.3,37.1,60.6,73.1,63.9,49.2,39.2,26.7,NA,,,,,,9.3,15,21.8,27.2,29.8,28,23.9,19.5,17.7,22.8,35.1,52.4,67.1,72.2,66.1,55.5,42.4,28,NA,,,,,,6.7,11.3,16.7,21.8,25,25.7,24.4,22.3,21.9,23.9,30.8,40.4,48.3,52.4,50.3,45.2,41.5,28.5,NA,,,,,,6.9,16.7,25.8,27.1,27.3,29.9,31.5,28.3,23.5,22,26.1,34.6,42.1,43.9,39.2,29.6,19.2,NA,,,,,,,,0,9.9,20.9,34.5,46.1,48.8,43.2,34.1,29.5,29.4,30.7,27.3,19.5,0,0,0,0,,,,,,,,,3.9,9.8,20.7,33.8,43.4,43.9,34.1,22.8,18.9,26.3,32,23.9,0,0,0,,,2784.6,687.4,4.050916497
125th St & Frederick Douglass,,,,,,9,17.3,19.2,14.7,13.1,15.5,18.9,21.7,23.5,23,24.6,31.6,48.8,67.8,73.6,58.2,33.4,14.2,NA,,,,,,10.7,18.9,22.3,19.1,14.9,15,18.9,23.2,25.9,25.8,26.7,33.4,49,65.7,70.9,57.8,35.9,16.2,NA,,,,,,8.1,19.5,25.6,20.6,13.7,12.5,16.6,21.7,24.7,25.5,25.9,32.1,46.2,61.4,63.6,49,28.1,11.5,NA,,,,,,5.3,9.8,12.1,14.4,17.9,21.9,23.4,23.5,23.2,26.1,32.6,41.7,49.5,51.6,46.1,34.9,22.8,12.6,NA,,,,,,8.1,18.2,22.7,19.7,18.1,23,28.6,32.8,32.4,29.6,25.7,25.9,32.8,40.6,41.1,30.6,16.2,NA,,,,,,,,0,9.3,23.7,39.5,45.3,44.9,45.2,45.4,40.3,32.8,30.4,33,34.1,25.4,13.1,0,0,,,,,,,,,5.2,11.6,19.9,26.4,28.4,26.2,24.5,24.8,24.7,25.3,28.7,19,0,0,0,,,2500.2,727.1,3.438591666
145th St & Frederick Douglass,,,,,,4.7,10.9,20.1,29.3,35.6,37.2,35.5,32,28.8,25.9,26.9,35.8,50.8,64.2,66.1,54.3,35.5,18.7,NA,,,,,,12.9,19.4,25.8,32.9,38.5,41.4,41.1,38.1,33.1,28.2,27.2,34,49.8,67.5,74.9,65.2,44.4,23.5,NA,,,,,,12.6,28.8,40.7,39.6,32.9,32.5,37.6,42.4,41.8,36.5,29.1,27,36.8,56.6,70.3,63.4,40.6,18.6,NA,,,,,,9.1,19.5,27.6,28.6,28.1,30.5,33.1,32.2,27.9,23.5,22.9,30.4,44.8,58.9,63.5,55.2,38.3,21.7,NA,,,,,,8.6,19.1,28.9,31.7,31.4,33.5,37,36.8,33.8,30.8,30,33.9,40.5,44.2,41.7,32.3,20.5,NA,,,,,,,,0,10.1,20.6,30.4,42.7,49.1,46.5,38.5,32.1,31.6,32.6,29.2,24.6,26.1,19.4,0,0,,,,,,,,,8,16,25.5,34.6,39.5,36.9,29.7,22.4,20.8,27.1,30.8,23.1,0,0,0,,,3128.5,747.9,4.183045862
14th St & 5th,,,,,,2.2,3.9,5.8,9,11.3,13.8,15.4,15.8,16.1,17.2,23.4,37.9,57.5,70.8,65.6,44.9,22.5,8.3,NA,,,,,,4.5,8.6,12.9,14.1,10.8,8,11.4,24.1,31.6,23.9,18.6,30.5,53,68.4,62.9,41,19.1,6.1,NA,,,,,,1.2,2.7,5.9,10.8,15.5,21,25.5,29.3,29.6,27.1,26,32.3,49.4,66.6,67.5,48.4,24.2,8.5,NA,,,,,,1.7,3.2,5,8.2,11.2,15.3,18.8,22.3,23.5,22.4,22.3,32.1,52.8,71,65.7,40.1,15.9,4.2,NA,,,,,,1.3,2.8,7.5,13.1,17.2,18.4,19.7,26.2,34.5,34.3,29.3,32.5,44.4,52.3,44.4,26.6,11.3,NA,,,,,,,,0,0,2.6,8.3,19.3,32.9,40.2,38.4,34,33,33.3,29.2,26.7,24.4,15.2,0,0,,,,,,,,,0,3.1,9.2,18.4,27.8,31.3,27.1,22,19.3,20.2,21.7,21.9,18.8,13.3,0,,,2233.9,591.6,3.776031102
16th St. & 8th,,,,,,0,19,24.1,22.6,17.7,14.3,14.8,16.6,13.7,14.2,25,41.5,57.9,65.7,59.7,43.3,25.8,12.4,NA,,,,,,0,11.8,16.2,19.6,21.2,23.3,26.5,28,25.1,21.3,24.3,35.1,49.7,60.1,59.8,47.8,30.5,16.1,NA,,,,,,0,13.1,18.5,22.6,22.3,20.3,22.4,30,27.3,17.8,21.9,38.9,59.8,74.5,74.1,58.7,37.9,19.3,NA,,,,,,0,12.1,20.6,23,19.8,17,21.9,28.7,28.3,24.2,25.7,34.3,43.9,49.5,47.7,39.8,29,17.5,NA,,,,,,0,8.6,18.2,26,24,17.7,15.1,15.7,18.8,23,28.2,33.7,40.9,46.9,46.7,37,24,0,,,,,,,,0,0,13.9,27.4,41.5,51,52.2,44.6,33.2,24.1,23.3,27.1,30.7,30.1,24.2,0,0,,,,,,,,,0,8.1,16.4,27.1,34.9,36.2,31.8,26.3,23.9,26.1,29,29.4,25.5,18.8,0,,,2491.6,756.8,3.292283298
Broadway & Vesey St.,,,,,,6.1,18.2,31.6,33.8,27.2,24.8,32.3,39.5,36.8,26.1,19.8,27.1,45.8,64.6,66.7,48.9,25.3,NA,NA,,,,,,10.4,26.2,46.3,55.6,44.6,32.4,33.2,39.2,37.5,28.3,23.8,33.8,55.3,72.2,69.3,47.1,23.9,NA,NA,,,,,,6,22.9,50.3,63.2,47.8,30.9,32,41.3,46.1,45.4,42.2,44.9,53.4,59.5,53.8,36.9,19.5,NA,NA,,,,,,4.3,22.2,48,44.7,25,19.2,30.1,41.6,41.2,31,23.4,32.9,55.4,67.8,56.1,30.9,12.9,NA,NA,,,,,,3.8,14.3,30.4,39.2,30.8,20.4,19.7,25,27.6,24.1,22.6,30.3,44.2,45.7,30.9,12.6,0,NA,,,,,,,,0,0,7,15.2,25.1,33.3,34.1,27.4,17.2,13.4,17.5,11.2,0,0,0,0,0,,,,,,,,,0,4.7,11,20.2,28.4,31.4,29.1,20.6,0,0,0,0,0,0,0,,,2958.1,346.8,8.529700115
24th St & 8th,,,,,,3,7.1,12,15.1,16.2,19,21,21.7,20.3,17.7,17.5,24.1,41.1,62.1,70.4,61.8,43.3,22.3,NA,,,,,,7.7,17.3,22.3,18.3,15.8,17.9,22,23.6,21.6,19,20,30,49.7,68.8,73.2,58.1,35.2,16.5,NA,,,,,,3.5,6.6,10.9,15.5,18.5,20.2,20,19,16.9,15.6,19.1,29.7,45.7,57.5,57,43.6,25.8,11.7,NA,,,,,,4.2,9.4,15.4,16.2,16.9,17.6,17.6,15.8,13.6,13.9,19.5,29.9,42.8,51.8,53.5,45.1,29.3,14.2,NA,,,,,,3.4,6.5,11.4,14.9,17.4,18.5,19.2,17.6,14.6,13.1,15.1,24.5,39,51.1,52,41,24.5,NA,,,,,,,,0,0,2.7,10.6,21.7,27.2,28.5,31.6,30.7,26.1,22.6,25,28.3,23.4,14,0,0,,,,,,,,,0,3,8.6,16.2,23.7,25.5,22.3,19.5,21.2,23.6,21.7,18.2,22.4,17,0,,,2280,535.3,4.259293854
23rd St & Park,,,,,,15.7,18.1,21.7,26,31,33.7,35.2,33,29.6,25.7,24.4,30.5,45.9,61,60.3,45.5,29.8,21.2,NA,,,,,,21.1,31.1,38.6,40.6,38.4,34.8,34.7,34.4,30.1,21.9,18.8,26.7,44.4,63.5,68.6,53.6,30.3,12.7,NA,,,,,,10.9,21.3,28.2,25.7,19.5,19.9,29.7,39.3,40.7,31.8,24.6,28.4,44.4,64,74.2,66.6,46.5,24.9,NA,,,,,,7.2,23.3,39.1,35.3,23.1,20.5,26,29.5,25.8,18.6,19.8,33.2,55.9,72.7,71.3,51.7,28.4,11.2,NA,,,,,,6.3,19.9,30,21.9,14.9,18.9,26.7,30.8,28.6,22.9,21.2,28.1,40.1,49.1,48,36.4,21.8,NA,,,,,,,,0,0,8.2,24.2,46.5,60.2,53.3,36.4,27.2,29.1,30.6,25.4,21.6,28.7,25.7,0,0,,,,,,,,,0,5.5,14.6,26,33.3,32.4,25.9,22,22.7,25,26.6,30.7,31.2,20.5,0,,,2931.4,733.5,3.996455351
34th St & Park,,,,,,0,11.6,26.2,35.2,31.7,28.9,33.5,35.9,30.8,24.7,27.8,43.1,63.4,73.9,65.1,43,20.8,7.2,NA,,,,,,0,13.1,22.9,30.8,35.9,38.9,40.3,39.1,34.6,28.5,26.9,36.1,51.7,62.5,59.5,42.7,23.2,9.5,NA,,,,,,0,17.3,40.9,43.4,29.5,30.4,39.8,46.3,45.5,38.5,32.3,35.5,50.2,65,66.3,50.1,27.2,10.8,NA,,,,,,0,18,29.1,32.4,27.1,25.7,39.7,57.4,57.9,43.2,35.8,42.3,54.5,63.4,63.2,54.6,39.8,25,NA,,,,,,0,9.6,16.2,23.7,29.5,33.6,35.8,35.6,34.1,30.8,29.5,31.1,33.9,34.3,31.5,24.5,14.8,0,,,,,,,,0,0,16.7,29.9,39.4,39.8,32.2,25.4,24.6,25.8,21.7,14.5,0,0,0,0,0,,,,,,,,,0,3.5,11.9,26,37.3,35.2,23.4,13.4,19.7,45.7,58.4,0,0,0,0,,,3025.6,544.5,5.556657484
36th St & Madison,,,,,,9.6,13.7,19.6,25.1,30.3,34.7,40.8,46.2,45.7,44.3,47.9,55.6,61.7,62.7,53.7,39.3,23.5,NA,NA,,,,,,12.2,18.7,24.4,27.5,27.1,25.3,29.6,44,47.4,36,36.2,51.3,68.3,73.4,62.6,42.4,22.8,NA,NA,,,,,,11.5,17.3,24.4,30.8,36.3,40.1,42,41.9,40.4,39.4,40.5,48.1,62.3,71.9,66.3,46.4,25.2,NA,NA,,,,,,8.7,11.9,16.5,22.9,31.4,39.5,44.8,47.3,45.4,41.4,40.8,45,54.6,61,56.4,41,24,NA,NA,,,,,,8.1,13.8,20.8,26.6,32.7,37.7,45,50.1,47.3,44.1,47.1,52.5,53.6,47.4,35.5,22.3,0,NA,,,,,,,,0,0,5.9,13.9,27.8,44.5,54.5,51.2,37.3,24.9,24.6,32.2,30.7,17.5,0,0,0,,,,,,,,,0,6,14.4,26.8,35.5,34.2,27.3,25.5,30.4,35.3,34.5,27.6,18.2,0,0,,,3205.6,680.7,4.709269869
38th St & Broadway,,,,,,0,7.5,24.4,41.3,39,24.9,21.2,26.6,33.9,37.6,39.2,41.5,50.9,65.9,73.3,60.5,35.9,0,NA,,,,,,0,11.2,26.9,37.4,31.1,25.6,30.5,38.3,43.1,44.6,42,43.4,49.2,58.4,58.4,44.9,25.4,0,NA,,,,,,0,8.5,39.3,42,26,27.9,32.9,36.5,36.4,34,34.8,42.6,54.5,62.3,58.3,42,24,0,NA,,,,,,0,9.3,36.4,45.3,23,22.2,29.5,33,31.8,27.9,26.9,32.6,43.9,52.9,49.5,34,18.4,0,NA,,,,,,0,6,33.7,47.2,23.6,21.5,29.4,33.1,31.1,25.9,25,31.9,43.1,46.3,38.3,22.4,0,0,,,,,,,,NA,NA,NA,NA,NA,NA,NA,NA,NA,NA,NA,NA,NA,NA,NA,NA,NA,,,,,,,,,NA,NA,NA,NA,NA,NA,NA,NA,NA,NA,NA,NA,NA,NA,NA,,,2811.1,0,#DIV/0!
41st St & 3rd,,,,,,0,28.2,34.3,25.9,18.1,16.3,20.3,26.5,27.8,23.9,23.7,33,51.9,64.8,56.5,33.9,13.5,0,NA,,,,,,0,28.5,35.6,32.8,23.5,15.2,19.5,35.6,43.1,29,20.2,29.6,48,59.1,52.7,34.3,16.5,0,NA,,,,,,0,44.7,50.9,34.9,15.3,10.6,17.9,28.4,34.7,31.8,27.9,32.4,48.6,62.7,59.8,40.7,19.4,0,NA,,,,,,0,26.7,37.8,33.5,23.8,23.1,27.8,34.5,39.4,42.4,45.7,48.5,50.9,52.5,50.9,46.1,38.6,0,NA,,,,,,0,42.9,65.3,45.9,35.2,26.8,21.6,19.4,20.4,24.6,30.4,35.3,37.6,34.1,24.9,14.9,0,0,,,,,,,,0,0,9.1,22.4,37.8,46.2,41.4,28.7,24.9,32.6,22.5,0,0,0,0,0,0,,,,,,,,,0,7.1,14,19.1,20.1,16.2,13.6,22.6,27.5,16.9,0,0,0,0,0,,,2684,422.7,6.349656967
41st St & 7th,,,,,,0,5.4,10.9,14.8,17.7,21.4,26.6,28.8,28.3,26.5,26.9,38.7,60,75,66.6,41.2,17.2,0,NA,,,,,,0,8.6,19.1,24.7,21.6,17.1,17.5,19.4,21.2,23.5,29.2,41.6,58.6,67.2,59.5,39.2,19.7,0,NA,,,,,,0,11.1,18.3,21.4,19.7,17,17.3,20.2,22,24.4,30.8,42.6,56.2,60.3,49.5,32.1,15.7,0,NA,,,,,,0,12.5,23.6,23.9,19.1,16.1,13.4,12.5,14.6,24.3,40.5,58.9,68.6,62.3,43.6,24.2,10.8,0,NA,,,,,,0,5,16.7,18.8,11.8,12.8,16.9,18.5,18.2,20.2,29,41.6,50.2,45.9,31.8,16,0,0,,,,,,,,0,0,3.4,8.6,14,18.3,21.8,25.6,29.9,29.1,20,9.3,0,0,0,0,0,,,,,,,,,0,2.8,8.3,16.9,20.8,20.2,19.4,8.8,0,0,0,0,0,0,0,,,2274.6,277.2,8.205627706
44th St & 5th,,,,,,0,18.8,47.4,22.8,6.9,7.8,11,11.8,10,7.4,6.8,21.2,51.3,62.1,34.8,9.5,1.3,0,NA,,,,,,0,27.3,53.4,27,7.7,8.8,14.8,17.3,13.4,7.5,5.6,12.6,30.5,49.8,50.2,28.7,9.7,0,NA,,,,,,0,13.5,27.7,23,19.6,22.2,22,17.4,9.6,4.5,4.7,15.9,45.5,73.7,64,30.4,7.4,0,NA,,,,,,0,16.9,41.8,13.7,8.2,11.8,16.9,15.3,8.5,4.4,7.1,20.3,39.6,45.8,33.5,14.7,4.8,0,NA,,,,,,0,14.5,30.2,26.9,15,13,15.9,17.4,17,14.3,14.3,17.8,23.6,22.2,13.7,4.7,0,0,,,,,,,,NA,NA,NA,NA,NA,NA,NA,NA,NA,NA,NA,NA,NA,NA,NA,NA,NA,,,,,,,,,NA,NA,NA,NA,NA,NA,NA,NA,NA,NA,NA,NA,NA,NA,NA,,,1660.1,0,#DIV/0!
48th St & 2nd,,,,,,6.5,15.9,24.6,22.8,17.9,22.4,40.2,58.2,62.5,53.4,42.2,41.7,52.3,64,65.1,54.6,37,20.1,NA,,,,,,4.9,13.7,28.8,30.6,25.4,26.7,39.9,54.3,63.9,62.1,53.3,46.4,48.6,57.5,62.2,54,36.8,19.8,NA,,,,,,5.2,11.7,13.1,15.9,19.7,28.3,45.4,64.6,71.3,59.4,43.8,35.5,34.3,39.7,46.9,50.9,50.9,44.7,NA,,,,,,15.1,22.5,28.4,31.4,29.5,31,35.4,43.5,49.3,48.6,45.2,43.8,45.5,49,47.5,38.1,26.9,15.6,NA,,,,,,0,15.4,42.4,20.2,14.4,23.6,33.6,43.8,49.5,49.5,44.8,34.8,27.3,29.9,41.1,40.9,22.3,NA,,,,,,,,0,0,7.2,19,34.6,44.5,41.6,30.1,18.9,18.7,26.5,32.7,30.3,19.7,0,0,0,,,,,,,,,0,7.7,19.7,30.8,35.5,34.5,31.3,23.5,19.5,29.6,45.5,46.2,28.4,0,0,,,3291.4,676,4.868934911
48th St & 6th,,,,,,7.7,15.7,16.1,16.3,16.4,16.4,16.2,16,14.4,14.4,18.1,32.4,58.9,75,59.3,30.9,0,NA,NA,,,,,,0,11.8,15.9,19.6,21.6,21.5,19.8,17.7,15.2,15.7,24.1,41.6,62.8,67.2,48.4,23.3,0,NA,NA,,,,,,0,24.1,45.2,34.8,14.3,11.7,16.8,21.2,24.5,27.3,31.8,37.1,41,42.7,42,38.2,0,NA,NA,,,,,,6.5,23.2,39.8,28.5,18.2,17.8,19.8,20.9,21.2,20.6,21,28,45,56.8,38.2,14,0,NA,NA,,,,,,5.3,17.7,30.9,28.6,16.4,12.3,16.9,22.5,24,20.6,18.6,22.9,31.3,30.8,19.2,0,0,NA,,,,,,,,NA,NA,NA,NA,NA,NA,NA,NA,NA,NA,NA,NA,NA,NA,NA,NA,NA,,,,,,,,,NA,NA,NA,NA,NA,NA,NA,NA,NA,NA,NA,NA,NA,NA,NA,,,2040.6,0,#DIV/0!
49th St & Broadway,,,,,,0,8.6,21.5,35.2,39.7,36,33.4,34.9,35.7,33.6,30,32.2,50.1,74.2,72.6,42.9,15.3,0,NA,,,,,,0,10.5,22.7,34,35.2,30.1,29.1,31.4,31.1,28.2,26.7,34.5,52.4,66.1,60.9,39.5,17.7,0,NA,,,,,,0,11.2,23.1,27.4,22.9,18.9,23,30.8,37.4,37.5,35.2,41.1,56.8,69.3,61.2,36.9,15.5,0,NA,,,,,,0,13.5,23.7,31.4,32.1,31.5,35.1,39.8,40.7,36.2,30.2,30.9,40.7,48.1,42.1,25.2,11,0,NA,,,,,,0,18.8,46.1,38.2,18.5,19.8,28.4,35.9,39.8,38,34.6,34.4,39.1,44.9,42.2,30.3,16.3,0,,,,,,,,0,0,10.9,19.6,25.2,27.5,32.4,39.3,44.6,43.2,36,26.5,15.9,7.9,0,0,0,,,,,,,,,0,7.1,14,21.3,26.7,28.8,30.4,35,37.9,30.6,16.6,0,0,0,0,,,2731.7,577.4,4.731035677
51st St & Lexington,,,,,,0,5.5,11.7,13.8,8.8,10.6,18,26.9,29.2,24.8,20.3,23,35.2,52.1,61.8,57.8,43.9,26,NA,,,,,,4.4,13.7,20.4,13.4,5.9,7.1,15.8,24.8,25.7,19.4,18.3,27.7,47.2,66.2,75,67.5,49.3,27.7,NA,,,,,,3.3,7.7,12.2,11.8,12,15.4,20.2,23.6,24.1,23,22.7,26.2,36.2,47.8,53.7,47.7,33.6,18.2,NA,,,,,,5.3,12.9,14.8,9.7,6.9,11,17.3,20.9,19.1,14.6,15.2,24.4,41.4,57.8,62.9,54.5,36.2,19.1,NA,,,,,,0,3.8,7.6,12,16.6,18.2,16.6,15.2,15.4,20.5,26.3,31.9,35.1,36.3,31.5,21.1,0,NA,,,,,,,,0,0,0,9.1,18.2,27.3,30.5,28.7,26.3,26.7,22.1,13.5,0,0,0,0,0,,,,,,,,,0,0,7.2,15.8,21.4,17.3,16.6,18.2,12.5,0,0,0,0,0,0,,,2190.4,311.4,7.03403982
59th St & Park,,,,,,4.6,7.9,11.3,15.1,17.4,19,22.8,30.4,34.1,26.5,17.6,23.1,47.1,69.8,62.6,32.9,9.7,NA,NA,,,,,,2.4,5.9,11.1,15.3,17.8,19.2,22.3,26.4,26.9,21.8,18.4,23.6,45.1,69.8,70.5,46.4,19.8,NA,NA,,,,,,5.4,8.2,10.5,13.4,16.5,19.8,22.3,24.2,23.1,20.9,19,22.9,39,60,63.5,42.4,19.3,NA,NA,,,,,,3.7,7.1,12.8,15.2,15.8,16.1,19.3,24.6,27.2,23,18.2,23.5,48.3,70.8,57.6,24.7,5.9,NA,NA,,,,,,3.6,6.5,10.3,14.2,18.3,22.4,26.7,28.9,28.3,25.4,23.6,27.6,36.2,42.8,37.2,22.6,9.6,NA,,,,,,,,0,0,11.7,22.9,33.3,37.2,34.2,28.6,24.4,20.2,11.3,0,0,0,0,0,0,,,,,,,,,0,5.9,11,13.9,16.4,18.2,15.7,12.7,9.4,4.7,0,0,0,0,0,,,2143,331.7,6.46065722
62nd St & Broadway,,,,,,3.5,9.2,13.1,11.7,8.2,9.4,17.6,29,34,29.2,19.5,17.9,31.1,54.6,70.2,62,37.4,15.3,NA,,,,,,9.9,9.9,10,10.6,11.7,14.6,21.2,28.5,28,21.1,18.1,23.9,36.8,55,68,68.1,53,34.4,NA,,,,,,13.8,16.5,13.6,9.1,9.8,15.8,22.8,27,26.8,23.5,21.9,30.2,45.9,61,64.8,52.3,33.3,15.6,NA,,,,,,2.7,6,8.5,6.8,5.1,7,12.8,19.3,22.5,20.8,18.4,23.8,39,55.2,57.6,43.6,22.8,8.5,NA,,,,,,3.5,9,12.7,12.5,13.7,17,21.7,24.4,22.9,18.3,14.1,16,25.4,36.2,34.1,21,0,NA,,,,,,,,0,0,12.1,27.6,33.7,27.3,22.4,21.1,18,13.2,11.8,17.5,23.3,23,14.5,0,0,,,,,,,,,0,2.7,13.2,34.2,38.9,21.3,11.8,15,19.1,19.1,17.4,25.1,31.4,17.2,0,,,2182.3,531.9,4.102838879
63rd & West End,,,,,,3.9,8.9,12.2,17.5,21.5,24.6,28.6,29.5,30.9,31.5,31.9,31.6,32.6,39.1,49,49.6,35,18.8,NA,,,,,,10.3,17.1,25,34.5,40.2,41.9,39.4,31.8,22.9,14.6,12.5,19.5,34.4,52.1,55.3,42.4,28.5,9.3,NA,,,,,,6.2,13.6,22.9,33.7,41.4,43.2,40.6,36.5,32.9,32.2,35.2,35.3,34.6,37.8,47,50.9,35.4,13.4,NA,,,,,,2.9,8.1,15.2,21.2,27.9,28.8,26.8,25.8,26.3,28.9,28.6,25.7,24.5,26.8,32.5,33.9,26.3,17.1,NA,,,,,,0,8.8,17.7,17.6,20.8,28.6,33.6,35,33.3,28,23.1,27.9,47.5,71.9,70.2,39.5,0,NA,,,,,,,,0,0,14.6,28.2,38.6,37.8,30.9,25.6,30.8,38.6,39.6,32.7,22.3,20.6,5.7,0,0,,,,,,,,,0,7,13,19.8,26.3,31.8,31.4,25.4,19.4,20.2,30.2,35.3,23.9,11.8,0,,,2552,661.5,3.857898715
73rd St & Columbus,,,,,,7.4,12.4,17.4,22.1,24.7,27.8,31.1,33.8,31.9,25.9,22.8,27.7,42.2,60,71,67.9,53.3,32,NA,,,,,,8.4,13.7,18.9,24,29.3,33.5,34.1,33.5,30.6,25.6,24.8,27.9,38.3,53.7,67.7,69.3,54.4,32.7,NA,,,,,,7,11.5,17.2,22.7,27.2,29.8,29.9,29,27,24.3,24.8,29.4,40.2,53.9,61.1,57,41.5,23.5,NA,,,,,,6.3,14.9,27.4,36.9,37.9,31.6,24.2,20.9,20.9,22,22.4,22.4,26.1,38.3,57.8,66.5,49.3,23.1,NA,,,,,,2,11.3,22.8,23.5,32.8,41.6,45.6,43.1,34.9,25,16.8,16,24.1,37.4,43.7,35.4,19.7,NA,,,,,,,,0,0,13.4,36.5,60.1,68.7,70.4,60.1,39.9,23.1,22,31.9,38.4,32.8,19.6,0,0,,,,,,,,,0,8.9,24.2,45.6,59.6,56.5,45.7,40.4,40.2,41.5,40.3,36.3,30.6,23.2,0,,,2813.4,1009.9,2.785820378
76th St & 1st,,,,,,22.4,31.8,39.8,45.4,47.1,45.4,41.9,37.6,34,32.3,34.8,39.8,46.3,53.1,55.7,52.2,42.7,30.3,NA,,,,,,29.9,50.9,59.6,48.6,34.2,27.2,27,30.5,33.6,35.4,37.5,40.4,48.4,60.6,70.3,68.1,52.7,32.7,NA,,,,,,22.4,33.4,40.1,41,36.5,29.7,25.5,25.2,28.2,32,37.1,41.9,48.8,58.2,65.6,64.8,54.6,38.7,NA,,,,,,21.5,34.2,42.2,41.2,34.4,30.1,33.3,40.1,42.8,39.9,36,39.4,50.8,63.4,68.8,62.7,47.3,30,NA,,,,,,21.4,30.8,39.1,42.1,40.5,35.1,29.7,27,28.1,34.4,42.9,51.9,57.4,57.2,50.3,38.9,26.4,NA,,,,,,,,0,32.8,50.9,66.7,73.8,69.3,58.8,48.5,44.3,46.3,50.2,50.3,44.6,34.9,23.7,0,0,,,,,,,,,23.4,33.1,42.5,50.7,55.5,55.8,52.2,46.5,41.3,37.3,34.6,33.4,30.5,23.8,0,,,3655.2,1255.7,2.910886358
10th St & 7th,,,,,,1,2.8,8.8,18.7,31.3,39.8,40.8,37.4,35,34.4,37.5,42.8,50,54.3,52.6,43.7,30.5,17.2,NA,,,,,,2.8,8,18.5,31.6,42.3,43,38,37.4,43.4,45.9,42.3,38.3,42.3,51.5,54.4,46.2,28.9,13.4,NA,,,,,,0.1,6.2,12.2,21.6,31.1,38,40.2,37.4,33.9,31.9,34.1,41.1,50.6,55,49.3,35.1,20.1,9.2,NA,,,,,,9.1,16.7,26.5,34.7,38.6,38,34,30.5,29.5,32.4,39,45.7,49.5,48.1,41,29.9,21.1,14.4,NA,,,,,,1.6,6.3,16.6,23,29.4,28.8,24,20.4,22.3,29.3,37.1,42.9,52.3,66.9,72,55.1,27.6,NA,,,,,,,,0,0,13.7,32.3,50.4,56,48.9,43,33.7,20.5,20.1,30.4,23.1,7.5,0,0,0,,,,,,,,,0,8.7,17.5,26.9,31.2,30.7,29.3,28.4,22.8,16.8,20,24.2,13.4,0,0,,,2888.2,649.5,4.446805235
80th St & Broadway,,,,,,2.8,6.7,11.5,16.1,18.7,19.7,22.1,26.6,30.3,29.9,25.7,24.4,34.7,57.8,74.7,60.9,31.6,10.4,NA,,,,,,8.1,12.7,20,26.6,33.1,37.4,39,36.5,31.3,24.9,20.4,22.3,32.2,45.1,49.4,39.4,23.9,14.4,NA,,,,,,10.5,16.7,21.8,25.1,27.1,29.6,32,33.6,32.5,29.5,27.4,29.9,38.6,47.6,45.9,32.7,16.7,6.7,NA,,,,,,6.9,12.2,21,30.9,39.6,42.4,39.7,31.1,22.4,16.9,17.1,25.5,39,51.2,54.1,45.3,30.9,19.4,NA,,,,,,10.8,15.1,20.8,23.6,24.1,23.4,22.8,22,21.1,20.3,20.5,22.7,27.1,30.9,28.1,19.9,10.9,NA,,,,,,,,0,0,10,25.6,43.6,49,38.2,22.8,15.9,20.8,30.3,33.4,28.2,24,21.1,13.2,0,,,,,,,,,0,15.1,31.1,40,48.2,45.4,32.3,17.9,13.9,21.5,34.7,45.6,45.2,35,21.2,,,2434.9,823.2,2.957847425
91st St & 3rd,,,,,,7.3,16.8,21.5,25,30.4,32.7,32.8,31,30.9,34.6,43,53.6,63.8,70.2,71,63.3,46.6,28.6,NA,,,,,,9.2,19.1,29.5,35.6,36.8,33.6,27.8,21.9,18.7,21,30.3,45.7,61.9,72.4,73.8,63.9,48.3,31.2,NA,,,,,,13,21.2,31.2,39.6,45,45,40.7,34.7,29.7,29.8,34.3,41.9,50.3,54.6,53.5,46.6,35.9,24.7,NA,,,,,,14.9,25.6,32.8,35,33.1,30.2,26.8,24.7,23.5,24.2,28.8,36.4,45.8,53,55.1,51.6,39.9,23.5,NA,,,,,,10.7,27.1,39.1,37.8,34.1,36,37.8,35.3,30,26,28.6,37.4,48.3,51.6,43.6,29,14.9,NA,,,,,,,,0,14.9,34.3,55.1,62.8,57.7,52.3,49,44.4,37.6,33.7,37.4,42.4,35.3,18.8,0,0,,,,,,,,,14.3,25.4,37,46.4,51.1,50.2,45,40.9,43.9,53,60.7,55.5,39.2,21.2,0,,,3227.7,1159.5,2.783699871
94th St & Broadway,,,,,,2.9,8.9,19.3,29.2,32.7,28.4,21.6,19.2,22.2,27.4,31.8,33.2,37.9,52.5,72.5,72.6,47.1,19.3,NA,,,,,,7.3,14.8,24.3,32.9,35.7,31.8,25.5,20.5,17.4,16.3,18.6,25.5,37.6,51.4,59,54.2,39,21.8,NA,,,,,,7,12.6,18.9,24.6,29.3,31.5,30.8,27.8,23.7,20.3,22.1,30,43.7,57.3,61.6,52.6,33.3,15.5,NA,,,,,,8,16,26,35,38.1,35.2,28.3,20.8,16.2,16.2,19.5,25.6,33.4,41.9,46.9,43,29.6,13.9,NA,,,,,,3.8,14.7,31.5,39.6,32.2,21.5,20,24.6,27.6,27.8,26.5,28.2,36.1,45.5,42.1,25.4,10.8,NA,,,,,,,,0,17.1,37.6,44.8,38,37.1,39.4,38.6,33.1,26.9,23.2,24.7,28.5,30,25.3,16.9,0,,,,,,,,,0,15,33.8,41.5,37.2,36.5,33.4,29.5,29.2,33.3,37.9,38.3,34.3,25.4,15.2,,,2606.4,901.7,2.890540091
Astoria,,,,,,5.2,15.9,22.6,19.6,22.1,27.2,30.7,31.3,29.2,26.5,26.5,31.9,42.4,54.5,60.5,57.2,45,29.5,15.9,,,,,,13.3,27.7,28.6,19.3,16.7,20.6,24.6,25.8,23.7,21.9,23.6,32.1,48.7,66,75,68.1,49.9,28.6,13.4,,,,,,6.3,21.3,26.7,17.5,16.8,22.2,25.9,27.1,25.3,23.1,24,31.5,43.9,56.7,62.5,57.8,44,27.6,14.4,,,,,,9.4,26.4,29.3,18.6,18.9,23.3,26.8,26.5,23.1,20.5,21.9,29.5,42.2,54.6,58.6,52.6,39.1,23.2,11.4,,,,,,7.5,19.7,17.6,14.1,18.4,25,29.9,30.6,27.6,25.1,25.6,31.1,39.9,46.7,46.7,39.1,26.6,14.5,,,,,,,,0,9.9,21.3,36.1,48.9,54.5,52.9,47,38.6,31.8,30,33.1,35.3,29.8,19.2,0,0,,,,,,,,,7.3,17.1,27.1,32.7,33.6,33.9,34.6,33.4,29.5,27.1,29.1,32.4,30.2,20.9,0,,,2837.5,877.3,3.234355409
3rd St & A,,,,,,3.1,9.6,18.7,23,20.6,19.2,20.7,24.6,27.9,28.8,28.5,30.5,40,57.5,70.5,64.7,42.3,19.6,NA,,,,,,10.2,16.5,23.3,28.7,31.2,30.7,28.2,24,20.3,20.4,25.1,36.1,50.5,61.5,64.1,55.5,37.9,20,NA,,,,,,5.5,16.8,29,28.6,20.6,17.5,18.8,20.4,20.7,18.4,17.4,20,31.9,52.6,68,65.5,45.6,23,NA,,,,,,10.5,21.3,30.1,29.2,21.2,15.7,14.9,16.1,18.3,20.9,23.9,27,32.3,40.2,44.9,44.2,35,23.2,NA,,,,,,4.4,10.6,17.7,22.9,24.4,23.9,25.6,30,34.6,35.7,32.4,28.1,30.2,41.6,47.1,33.8,14.3,NA,,,,,,,,0,0,18.2,34.4,45,42.3,32.5,28.6,33.7,41,41.8,39.6,41.3,29.6,0,0,0,,,,,,,,,0,13.6,30.5,44.1,46.5,44.8,42.8,34.1,26.2,28.5,36.7,34.7,19.8,0,0,,,2580.5,830.3,3.107912803
"Bay Ridge, 72nd St",,,,,,8.6,27.3,24.2,24.7,32.3,37.5,38.7,34.4,28,22.4,22.9,32.9,50.3,67.1,72.8,62.4,43.1,23.6,NA,,,,,,8,21.4,27.5,28.3,37.5,45.8,48.2,43.4,33.3,24.3,21.1,27.6,43.8,62.9,73.5,68.1,49.4,28.6,NA,,,,,,14.3,29.7,23,25.2,36.1,44.2,45.2,38.9,28.8,20.7,19.3,27.7,43.4,60.2,67.8,60.8,44.1,25.7,NA,,,,,,4.2,15.8,30.3,31.4,32,38.2,42.4,39,29.7,20,15.9,21.2,34.3,50.6,59.3,55,40.6,23.7,NA,,,,,,4,9.7,19.1,30.5,41.7,47.4,45.3,36.8,25.4,17.5,19,31.5,41,35.5,29.2,29.8,22.8,NA,,,,,,,,0,0,30.2,52,57.8,50.6,43,38.6,33.8,28.8,25.5,23.7,21.2,13.2,0,0,0,,,,,,,,,0,14.7,39,60.5,50.1,33.8,30.2,28.7,23.9,22.7,33,36.5,21.2,0,0,,,3070.8,812.7,3.778516058
"Bay Ridge, 86th St",,,,,,0,12.5,21.9,18.1,17.5,23.6,28.5,29.9,27.3,24.3,25.6,33.6,47.2,60.2,63.8,55,38.8,21.9,NA,,,,,,0,8.6,14,20.1,25.1,28.4,27.2,24.2,19.2,16.7,18.9,31.1,50.3,66.1,68.2,60.8,51.1,33,NA,,,,,,0,9.7,15.8,20.9,24,25.9,25.8,22.6,20.1,19.1,24.9,37.9,56.9,71.1,71.4,56.7,38.5,22.3,NA,,,,,,0,8.6,17.3,10.4,15.5,23.7,28,25,18.3,14.5,17.6,29.6,46.6,61.8,66.3,58,40.5,22.5,NA,,,,,,0,9.4,19.3,21.1,24.4,26.4,25.8,24.5,22.3,22.5,25.5,30.8,36,37.5,33.3,24.2,15,6.9,,,,,,,,0,0,9.3,22.8,39.1,48.3,49.9,46.6,42.3,39.6,36.4,30.8,21.4,11.5,0,0,0,,,,,,,,,0,13.3,28,39.6,41.8,38.7,35.7,35.9,35.5,36,37.2,32.1,18.2,0,0,,,2585.4,790,3.272658228
Belt Parkway,,,,,,4.8,9.6,16.4,24.8,31.9,37.5,40.2,41,42.2,42.5,42.2,40.4,41.2,48.6,57.8,58.7,46.5,27.8,NA,,,,,,7.4,13.6,21.2,29.5,35.2,37,36,34.3,36.5,42,47.4,48.7,49,56.4,69.1,72,54.7,29.4,NA,,,,,,8.3,15.4,23.2,29,30.9,31.1,32.4,34.9,37.3,38,37.3,36.4,40.4,51.7,65.3,69.2,55.2,32.5,NA,,,,,,5.1,10.6,18.7,28.3,36.5,41,40.2,36.8,36.1,39.7,46.4,48.8,45.7,42.1,49.6,61.9,55.8,31.2,NA,,,,,,5.3,11.4,21.1,33.7,45.3,50.7,48.5,40.2,31.5,29.5,37.5,46.3,45.2,39.9,39.9,36.4,23.3,NA,,,,,,,,0,5.6,15,30.1,44.8,50.6,45.7,39.9,38,37.1,36.6,39.3,42.9,36.6,22.3,0,0,,,,,,,,,2.9,10.2,24.9,42.4,52.2,48.3,38,31.5,30.1,31.5,35.3,41.7,41.5,27.5,0,,,3302.2,942.5,3.503660477
"Borough Hall, Brooklyn",,,,,,5.5,11.9,20.7,27.3,29.8,28.9,26.4,23.5,20.2,18.3,22.4,36.4,57.4,70.7,63.3,41,18.2,NA,NA,,,,,,7.8,17.3,25.5,28.7,28,27.1,28.3,28.3,25.2,22,24,35.9,57.5,72.5,66.7,42.7,19.5,NA,NA,,,,,,4.7,26,24.6,13.4,18.9,24.9,27.1,23.6,17.3,12.3,12.9,24.5,47.5,68.9,69.6,49.9,25.7,NA,NA,,,,,,2.2,12.5,27.4,24.5,15.5,16.6,22.6,25.2,23.1,18.4,16.7,23.5,40.1,57.1,60.9,48.8,27.8,NA,NA,,,,,,5.4,16.4,23.5,17.6,14.1,16.6,21.4,25.1,26.7,25.3,23.5,25.3,31.5,36.5,30.3,16.7,0,NA,,,,,,,,0,13.5,24.1,33.5,44.5,52,52,45.3,35.6,29.2,27.6,27.7,23.8,15.1,0,0,0,,,,,,,,,9.8,20.1,31.6,40.6,44.4,45.3,40.9,32.9,27.5,30.3,35.9,31,15.5,0,0,,,2389.5,829.7,2.879956611
Boerum Hill,,,,,,5.7,10,15.6,21.7,27.5,30.2,30.6,27.8,23.7,21.2,23.5,32.9,46.8,58.4,58.5,46.7,29.1,14.3,NA,,,,,,5,10.1,17.5,23.3,27,30.7,32.8,31.6,28,23.6,24.8,35.4,54,71.8,75,60.7,38,18,NA,,,,,,7.1,17,25.8,26.4,24,23.4,24.3,24.2,22.6,20.4,21.5,28.6,43.3,57.3,62.2,52.8,35,18.7,NA,,,,,,8.3,15.2,19,21.1,24.9,28.3,28.2,24.7,20.2,18.4,22.9,36.5,53.1,65,63.6,49.2,30.4,14.5,NA,,,,,,8.5,13.7,19.7,25.7,31,34.7,34.9,32.4,27.5,24.1,25.7,33.6,43.3,48,42.4,30,16.5,NA,,,,,,,,0,0,21,34.7,43,44.2,41.5,40.5,42.1,42.7,38.9,32.2,23.4,14.1,0,0,0,,,,,,,,,0,15.8,29.2,44.2,52.6,50.9,42.1,34.6,34.5,38.3,38.6,32.6,20.6,0,0,,,2701.3,852.3,3.169423912
Forest Hills,,,,,,4.1,9.6,18.9,28.9,35.7,37.9,36.5,34.6,32.4,29.4,26.6,27.4,35.8,48.8,57.5,52.5,36.2,18,NA,,,,,,4.4,10.4,18.6,27.5,33.1,33.4,29.1,22.7,18.8,20.6,29.5,44,56.5,63.4,64.9,58.6,42.4,22.2,NA,,,,,,8.6,17.1,24.2,27.4,28,29.1,29.7,29.2,26.6,23.3,22.8,29.3,44.9,64.9,74.7,64.2,40.3,18.5,NA,,,,,,4.4,11.6,20.3,25.7,25.9,25.2,25.4,24.9,22.2,19.5,19.4,26.7,40.8,56.8,62.2,52.7,33.9,16.8,NA,,,,,,7.4,13.8,20.5,26.5,30.9,34.3,35,33.3,29.3,25.2,23.6,27.3,33,38.4,39.1,32.6,23,NA,,,,,,,,0,13.5,29.5,47.6,57.1,53.8,43.1,37.3,36.9,34.6,28.9,28.4,35.4,36.9,23.5,0,0,,,,,,,,,14.8,28.7,42.4,49.5,46.6,37.5,30.3,27.1,28.9,31.7,34,34,27.9,18.6,0,,,2761.3,958.5,2.880855503
Atlas Park,,,,,,12.1,14.2,24.8,36,43.3,43.7,37.1,28.5,24,28,40.4,55.4,63.3,58.7,43.6,26,12.4,NA,NA,,,,,,13.4,23.1,29.4,30.1,27.7,25.7,24,22.4,21.9,25,34.3,49.9,66,71.4,59.3,37.7,17.9,NA,NA,,,,,,8.6,16.9,26.6,33,33.3,27.4,20.3,17,20.7,27.6,33.9,39.2,46.6,53,49.6,35,17.9,NA,NA,,,,,,10.2,18.8,29.4,38.2,41.8,38.2,29.7,20.6,16.4,19.4,29,42.8,53.7,56.2,48.5,34.8,20.8,NA,NA,,,,,,3.9,9.8,18.7,29.9,37.9,39.4,34.1,24.7,17.6,16.5,20.5,26.2,29.3,30.2,31,27.7,17.9,NA,,,,,,,,0,0,18.7,39.4,52.7,48.5,34.8,27.5,26.6,25.8,23.2,21.4,17.1,10.4,0,0,0,,,,,,,,,0,21.1,52.5,65.9,43.3,24.3,24.9,30.1,30.4,28.2,28.6,26.6,17.9,0,0,,,2641.1,739.9,3.569536424
Metlife Building,,,,,,4.8,17.5,34.7,32.6,16.9,11.8,13.3,16.6,17.5,17.4,20.5,30.7,48.5,63.2,63,46.5,25.5,10.4,NA,,,,,,11.4,31.3,52.1,51.9,31.9,17.4,16.6,23.7,30.7,34.5,38.4,44.8,53.9,59.6,55.8,42.1,25.9,12.7,NA,,,,,,1.7,19.8,39.6,34.5,16.4,10.9,15.3,21.2,24.1,23.7,25.5,34.7,53.6,71.4,74.1,57.7,33,14.9,NA,,,,,,2.9,13.4,31.6,38.1,27.6,19.1,22.7,29.5,31.4,27.7,29.4,39.7,57.6,72.1,71.2,55.6,33.3,15.9,NA,,,,,,4.7,24.4,61.6,51.2,17.8,11.8,14.9,21.2,25.2,26.8,30.7,38.5,49.9,60.4,60.9,50,32.1,16.4,,,,,,,,0,0,4.2,10,11.1,11.7,12.2,11.1,7.2,0,0,0,0,0,0,0,0,,,,,,,,,NA,NA,NA,NA,NA,NA,NA,NA,NA,NA,NA,NA,NA,NA,NA,,,2915.5,67.5,43.19259259
Greenpoint,,,,,,3.6,8.3,13.5,18.8,24.7,29.1,30.1,27.8,23.3,18.8,19.3,29.1,47.9,67.6,72.7,58.7,34.7,15.5,NA,,,,,,8.9,30.2,49.2,42.7,25,18.2,19.6,21.5,20.2,18.3,20,30.4,49.1,66.5,69.2,55.1,34.2,16.3,NA,,,,,,7.8,38.2,28.5,20.7,25.5,29.2,26.7,19.7,13.3,10.3,13.7,23.3,38.2,51.5,55.3,48.5,34.3,20.1,NA,,,,,,8,18.3,30.5,28.3,19.8,14.6,13,14.4,15.9,16.9,19.2,25,35.2,46.4,49.9,42.2,26.8,13,NA,,,,,,9,20.8,28,27.6,23.9,22.6,23.9,24.7,22.3,18.6,15.3,15.4,20.4,28.3,31.9,26.9,16.6,NA,,,,,,,,0,0,23.9,44.9,58,56.8,48.6,39.3,33,30.6,30.3,27.4,20.3,11.9,0,0,0,,,,,,,,,0,9.9,27.4,42.8,49.5,49.8,40.7,27,20.8,24.5,27.1,21.3,11.1,0,0,,,2456.5,776.9,3.161925602
15th St & Irving,,,,,,8.5,20.5,35.1,44.3,42.7,34.4,28.9,28.1,28.4,26.7,23.3,24.5,34.5,50.9,62.2,60.3,44.8,27.1,NA,,,,,,15.6,36.4,59.4,65.1,51.1,35.1,27.7,27.9,29.5,31.2,32.5,34.8,42,53.9,64.6,62.3,44.8,24.5,NA,,,,,,8.3,25,56.7,75,56.9,33.5,26,25.9,26,24.9,23.7,23.9,28.8,39,49.7,51.9,41.9,26.3,NA,,,,,,14.6,29.8,45.7,54.1,47.9,33.1,19.8,16.1,20,19.6,17.4,23.1,35.4,45.6,47.4,37.7,23.9,12.1,NA,,,,,,8.1,22.2,41.7,52.6,47.3,33.7,24.4,20.6,17.5,14.1,13.7,20.5,32.4,41.2,39.8,28.9,16.3,NA,,,,,,,,0,6.7,17,29.7,38.6,39.5,37.1,34.8,30.7,24.5,22,25.2,29.8,27.6,19.2,0,0,,,,,,,,,3.3,9.1,16.3,21.8,21.9,21.8,25.4,31.7,34.9,34.3,33.2,31.4,24.9,15,0,,,3025.3,707.4,4.276646876
Mercer St,,,,,,5.3,8.2,11.1,12.5,13,12.4,15.9,30.1,40.3,30.3,21,27.4,43.1,58.9,65.7,58.5,42.2,24.5,NA,,,,,,8.1,16.2,21.9,20.5,13.7,9.8,15.1,29.1,35.1,25,15.4,20.8,41.5,64.3,70.9,55.6,31.1,13.2,NA,,,,,,3.8,9.6,18.2,23.2,21.9,17,16.5,25.1,34.1,30.5,25.5,33.2,51.1,67.3,70.5,58.7,38.4,20.1,NA,,,,,,4.8,11.1,19.6,24.2,22,18.2,17.6,18.9,19.9,19.3,19.6,24.6,35.4,47.8,51.5,44.1,31.1,23.7,NA,,,,,,3,8.1,16.9,24.1,23.9,19.1,18.8,25.2,31.2,28.9,23.6,28,43.4,57.3,54.6,36.3,17.4,NA,,,,,,,,4.5,9.5,16.7,21.8,28.4,36.4,41,38.6,31.8,26.5,26.5,29.5,28.5,21.4,12,0,0,,,,,,,,,3.3,7.7,14.8,22.3,27,27.9,26.4,22.3,17.7,18.4,23.9,26.5,19.7,0,0,,,2505.6,631,3.970839937
Midwood,,,,,,8.4,15.7,21.1,29.9,40.4,47.3,47.4,41.2,32.1,25.9,26.3,34.6,48.4,61.7,65.9,59.2,43.7,27.1,NA,,,,,,12.8,24.4,22.5,25.2,30.7,34.2,35.7,33.8,29.9,25.5,24.1,29.7,44,62.8,73.8,68.2,49.8,27.9,NA,,,,,,6.8,12.7,21.7,32.1,42.8,49,48.7,42.4,32.4,24.7,23.6,31.8,48,64.1,70.6,63,45.2,26.1,NA,,,,,,6.2,12.7,22.1,31.2,36.1,34.4,27.7,21.9,20.7,25.5,33.6,39.6,41.7,46.6,57.6,65.9,55.1,30.4,NA,,,,,,11.1,20.7,23.5,33.2,41.2,42.5,36.9,28.9,22.9,22.9,27.2,33.4,38.7,41.6,40.9,33.6,21.7,NA,,,,,,,,0,0,17.4,41.6,65.9,70,53.4,36.5,30.8,30.3,27.2,21.7,20.4,26,32.1,29.8,18.3,,,,,,,,,7.5,17.8,34.4,53.3,66.8,68,59.6,49.7,46.4,47.9,50.7,48.4,31.5,0,0,,,3146.9,1103.4,2.8520029
Bronxdale Ave,,,,,,5.8,12.4,19.3,29,39.9,48.9,54.2,53.9,50.6,47.3,49.4,57.6,68.4,74.4,69.1,54.4,36.3,19.7,NA,,,,,,6,12.5,22.1,33.4,42.3,48.1,49.6,50.2,50.3,50.7,53,57.8,65.6,72.6,71.8,59.7,39.9,21,NA,,,,,,5.8,12.7,24.6,38.6,52.5,61.4,62.3,56.7,49.4,46.4,49.6,55.5,59.2,60.2,58,51.1,36.2,19.3,NA,,,,,,5.4,11.6,22.4,34.8,44.3,48.7,46.4,43.1,42.4,44.8,48,52.1,57.3,63.3,63.2,53.2,35.8,19,NA,,,,,,5.8,12.9,23,34.8,45.5,51.3,50.1,43.3,37.9,39.7,46.8,49.4,43.3,39.5,44.9,42.6,24.4,NA,,,,,,,,0,0,23.1,43.9,60.1,58.3,43.3,30.3,29,33.8,34.8,32.9,34.1,29.8,15.6,0,0,,,,,,,,,0,12.6,28.7,42.3,42,30.2,23.5,28.4,36.1,33.5,21.1,0,0,0,0,,,3767.7,767.4,4.909695074
Park Slope,,,,,,5.9,14,17.5,15.6,18.5,25,29.4,29.5,27.2,26.9,32.3,41.5,49.5,52.4,47.9,38.1,25.8,15.1,NA,,,,,,6,10.4,15.2,20,24.7,27.9,29.3,27.4,23.8,21.3,25.5,39.6,60.2,75,70.4,49.5,25.8,10.3,NA,,,,,,8.4,17.2,22.5,20.9,21.2,24.6,27.5,26.8,24.5,24.8,32.8,45.2,57.6,64.3,59.3,45.7,29.7,16.2,NA,,,,,,6,14.7,18.6,18.4,22,27.5,29.3,26.5,23.1,22.7,27.6,36.9,45.3,49.9,47.1,37.8,26.6,15.8,NA,,,,,,5,14.5,18.9,16.4,19.7,27.7,32.7,31,26.1,23.7,28.2,36.4,42.7,42.9,35.7,24.5,14,NA,,,,,,,,0,9.2,19.4,32,42.6,45.2,40.6,32.7,29.7,30.6,33.6,34.6,31.3,23.8,15.2,0,0,,,,,,,,,4.6,10,18.7,28.5,36.3,39.1,38.1,36.1,35.2,36.3,36.3,33.7,26.6,17.6,0,,,2579.5,817.6,3.154965753
Rego Park,,,,,,9.3,17.2,19.3,21.1,28.7,37.6,47.1,53,54,50.7,43.8,38.2,38.4,46.2,54.2,53.2,39.5,22.3,NA,,,,,,9.7,27.1,36.1,30.6,28.6,35.1,42.4,46.2,44.2,38.6,35.3,37.6,47.9,59.9,64.3,56.5,39.6,22,NA,,,,,,8.4,16.9,21.7,22,23.6,30.1,38.2,44.7,47.7,46,40.5,36.7,40,55.1,73.2,74,53.5,26.9,NA,,,,,,14.6,31.1,26.9,21.8,26.1,34.2,40.1,43.4,42.9,39.2,35.3,35.1,41.2,51.1,58.1,54.6,40,22.5,NA,,,,,,7.8,15.2,23.6,30.9,35.2,35.8,36.3,39,42.9,46.3,45.7,40.4,34.2,34.9,45.7,46.5,26.7,NA,,,,,,,,0,8.1,22.6,42.4,56.2,54.8,46.2,40.4,38.4,33.7,29.4,30.2,31.8,26.5,15.1,0,0,,,,,,,,,12.1,27,44.7,54.9,51.4,42.1,38,38.1,36.2,29.7,25.7,29.4,28.8,18,0,,,3320,951.9,3.487761319
Staten Island,,,,,,9,18.1,30.7,43.9,54.2,58.8,56.1,46.8,35.5,27.2,26.6,33.7,45.8,54.8,55.3,45.8,31.6,18,NA,,,,,,9.6,16.2,24.2,32.2,37.6,40.3,39.2,36.2,32.8,30.8,33.1,39.7,49.9,59.3,62.8,58.5,48.2,30.6,NA,,,,,,8.5,14.8,23.5,33.1,41.6,47.1,47.5,43.5,36,29.1,27.8,36.1,54.2,71.2,75,60.2,37.2,17.4,NA,,,,,,8.9,16,25.6,35.5,43.1,45.7,43.4,38,32,28.3,29.5,35.7,45.1,51.9,51.5,41.6,27.6,14.7,NA,,,,,,9.1,17.9,29.9,42.5,52.3,55.1,51.7,44.4,37.2,33.3,34.5,37.9,41.2,43.7,44.5,38,22.1,NA,,,,,,,,0,24.3,46.5,65.5,68,57,47,46.2,47.7,42.9,34.3,34.6,22.2,0,0,0,0,,,,,,,,,15.4,31.3,51.3,65.5,68,57.3,41.9,33,32.6,35.1,28.9,17.2,0,0,0,,,3326.3,1013.7,3.281345566
Sunnyside,,,,,,0,11.7,19,23.8,29.3,36.3,40.7,40.5,36.2,30.1,26.1,29.5,41.4,56.6,64.5,57.8,40.4,21.5,NA,,,,,,0,13.8,24.5,35.9,42.8,44.6,43.1,39.5,33.8,27.4,25.1,29.8,44.2,62.2,72.6,66.8,46.4,24.7,NA,,,,,,0,13.8,25.8,31.6,39.9,45.3,45.6,40.5,33,26.5,26.7,35.7,51.5,66.6,72.1,63.7,45.9,27.2,NA,,,,,,0,12.3,21.4,28.5,34.8,39.2,40.8,37.1,31.3,25.4,25.9,34.2,49.4,62.8,64.8,53.8,35.4,18.6,NA,,,,,,0,9.8,20,30.3,35.3,35.3,35.5,37.8,39.5,39.4,37.9,37.5,43.6,55.4,63.4,54.2,32.5,0,,,,,,,,0,0,15.8,39.3,59.9,63.9,54.2,43.6,36.9,36.5,38.8,34.6,19.9,0,0,0,0,,,,,,,,,0,11.7,29.1,47.9,52.7,45.9,40.1,34.7,26.3,23.2,27.3,18.5,0,0,0,,,3197.1,800.8,3.992382617
Varick Street,,,,,,0,9.9,16.5,22.4,24.6,22.5,20.8,18.7,20.3,25.7,35.5,51,65.9,70.4,60.1,41.6,26.6,0,NA,,,,,,0,12.6,27.6,37.5,33.1,19.8,17.4,27.8,30.3,27.6,32.8,47.4,60.5,66.7,62.8,51.7,36.4,0,NA,,,,,,0,12.6,27.1,42,43.9,34.6,27.5,25.7,22.6,19.8,22.4,31.8,43.6,52.4,49.1,35.8,22.4,0,NA,,,,,,0,13.5,23,29.4,27.7,23.4,22.7,27.4,23.2,18.1,23.1,34.9,46.2,51.6,48.3,37.4,24.3,0,NA,,,,,,0,7.9,10.9,14.1,17.8,19.7,21,21.6,21,22.3,27.7,40.6,58.8,66.2,49.1,25.4,0,0,,,,,,,,0,0,0,8.9,14.1,19.8,24.2,24.2,21.4,16.4,16.1,14.2,0,0,0,0,0,,,,,,,,,0,0,16.2,22.8,23,17.9,16.4,22.8,31.8,33.1,24.1,0,0,0,0,,,2536.1,367.4,6.902830702
Whitestone,,,,,,5.5,13.1,25,38.8,48.7,50.5,45.1,36.9,32.1,34.1,38.1,41.7,44.1,50.3,60.5,63.4,49.5,26.7,NA,,,,,,9.6,21.9,29.3,29.1,33.3,39.6,43.2,41.3,35.3,29.2,27.9,35.1,49.9,66.5,75,68.1,50.2,29.5,NA,,,,,,9.2,20.3,33.1,40.6,45.4,46.8,43.4,35.3,28.2,25.5,30.2,39.7,49.2,55,55.2,50.2,39.1,24.1,NA,,,,,,8.5,15,24.2,33.9,41.3,43.3,40.1,33.8,28.4,28.1,34.1,42.7,49.6,49.5,46.5,49.8,43.3,20.1,NA,,,,,,9.1,18.5,31.4,43.4,49.9,47.1,38.1,28.5,24.1,27.7,36.5,44.6,46.4,41,32.6,32.1,32.4,NA,,,,,,,,0,16.8,34.2,53.9,61.9,53.9,38.4,28.3,28.1,32.6,36,34.4,27.5,21,19,15.8,0,,,,,,,,,15,30.5,45.5,50.2,43.6,33.5,29.6,31.1,30.8,25.9,21.9,28.1,35.6,24.7,8.5,,,3304.2,956.3,3.455191885